ID,メールアドレス,社名,所属部署,氏名,郵便番号,住所,電話番号,入金状況,登録日
1,testuser,,,,,北海道,,--,-0001年11月30日
2,user2,,,,,青森県,,--,-0001年11月30日
3,user2,,,,,青森県,,--,-0001年11月30日
4,trial3,,,,,山形県,,--,-0001年11月30日
5,trial2,,,,,沖縄県,,--,-0001年11月30日
6,trial1,,,,,沖縄県,,--,-0001年11月30日
11,bbbbb,,,bbbbbbbb,,山形県,,--,-0001年11月30日
12,ccccc,,,bbbaa,,九州県,,--,-0001年11月30日
29,szk@szc.orz.hm,,,赤沙汰なにぬ,11111,福岡県,111-1111,--,2016年11月10日
31,scr.bamboo@gmail.com,,,aaaaa,11111,,22222,--,2016年11月11日
33,szk.create@gmail.com,,,たちつてと,1111111,長野県長野市,222-2222,--,2016年11月16日
62,szcreate@me.com,,,あいうえお,333-3333,神奈川県,555-5555,--,2016年11月22日
67,opal@frank.fam.cx,アイウエオ会社,取締役,abcde123,111-1111,神奈川県神奈川市町村,11-2222-3333,未納,2016年11月25日
70,bonjour@frank.fam.cx,たちつ会社,か聞く,あいうえお,111-2222,山形県山形市山県町,333-5555,--,2016年11月27日
